Fakultas,Jurusan,Kelas,Asal kampus,Apa minat kamu?
Fakultas Teknologi Industri,Teknik  Informatika,2IA##,Universitas Gunadarma,Saya ingin mempelajari lebih dalam tentang semua yang ada di IT karena saya belum menemukan passion saya 
Fakultas Teknologi Industri,Teknik  Informatika,1IA##,Universitas Gunadarma,"Saya ingin memperdalam ilmu komputer berdasarkan pengalaman project, dan berminat untuk menjadi seorang Programmer atau Developer."
Fakultas Teknologi Industri,Teknik  Informatika,2IA##,Universitas Gunadarma,"Minat saya dalam bidang IT yaitu pada bidang website development dan juga tertarik pada bidang application development.
"
Fakultas Ilmu Komputer dan Teknologi Informasi,Sistem Informasi,2KA##,Universitas Gunadarma,saya tertarik dalam hal internet security dan juga UI/UX
Fakultas Ilmu Komputer dan Teknologi Informasi,Sistem Informasi,3KA##,Universitas Gunadarma,Saat ini saya memiliki minat dalam bidang web development dan UI/UX
Fakultas Teknologi Industri,Teknik  Informatika,2IA##,Universitas Gunadarma,UI/UX dan data saince
Teknik Informatika,Sistem Informasi,-,Universitas Nusa Mandiri,Saya minat dibidang UI/UX namun inginn bisa menjadi seorang fullstack developer
Fakultas Ilmu Komputer dan Teknologi Informasi,Sistem Informasi,1KA##,Universitas Gunadarma,UI/UX
Fakultas Teknologi Industri,Teknik  Informatika,2IA##,Universitas Gunadarma,programming
Fakultas Teknologi Industri,Teknik  Informatika,1IA##,Universitas Gunadarma,saya tidak memiliki cukup banyak pengetahuan dalam bidang IT tapi saya memiliki minat untuk mengetahui berbagai macam bahasa pemrograman 
Fakultas Ekonomi,Manajemen,1EA##,Universitas Gunadarma,Pada zaman era digital ini saya semakin yakin bahwa teknologi akan semakin dibutuhkan dalam waktu 5 tahun kedepan. Jadi saya ingin mengembangkan soft skill dan hard skill saya bersama Google Developer Student Club
Fakultas Ilmu Komputer dan Teknologi Informasi,Sistem Informasi,3ka##,Universitas Gunadarma,Saya minat dalam bidang web
Fakultas Ilmu Komputer dan Teknologi Informasi,Sistem Komputer,3KB##,Universitas Gunadarma,Untuk saat ini saya ingin belajar WebDev baik dari UI/UX atau backend programming-nya.
Fakultas Ilmu Komputer dan Teknologi Informasi,Sistem Informasi,-,Universitas Darma Persada,"UI/UX,Frontend programming"
Fakultas Ilmu Komputer dan Teknologi Informasi,Sistem Informasi,1KA##,Universitas Gunadarma,Saya berminat sebenarnya dalam game developer dan design 
Fakultas Ilmu Komputer dan Teknologi Informasi,Sistem Informasi,3KA##,Universitas Gunadarma,Minat saya di UI/UX dan juga App Developer
Fakultas Ilmu Komputer dan Teknologi Informasi,Sistem Informasi,1KA##,Universitas Gunadarma,Minat belajar programming 
Fakultas Teknologi Industri,Teknik  Informatika,1IA##,Universitas Gunadarma,Software Development
Fakultas Teknologi Industri,Teknik  Informatika,1IA##,Universitas Gunadarma,UI/UX karena lebih tertarik dan ingin mencoba di bidang tersebut
Fakultas Ilmu Komputer dan Teknologi Informasi,Sistem Informasi,1KA##,Universitas Gunadarma,Backend programming
Fakultas Ilmu Komputer dan Teknologi Informasi,Sistem Informasi,3KA##,Universitas Gunadarma,Web Designer(walaupun agak kurang ngerti tapi suka aja mendesign sesuatu)
Fakultas Ilmu Komputer dan Teknologi Informasi,Sistem Informasi,3KA##,Universitas Gunadarma,Backend programming
Teknik,Teknik  Informatika,-,Universitas Muhammadiyah Prof. Dr.Hamka,"Data science, backend programming"
Fakultas Ilmu Komputer dan Teknologi Informasi,Manajemen,1DB##,Universitas Gunadarma,Google Developer
Fakultas Ilmu Komputer dan Teknologi Informasi,Sistem Informasi,1KA##,Universitas Gunadarma,software developer
Fakultas Teknologi Industri,Teknik  Informatika,2IA##,Universitas Gunadarma,"Saya mempunyai minat di bidang pengembangan web dan pengolahan data. Saya berminat di bidang pengembangan web karena saya takjub ketika melihat beberapa web yang bagus dan dinamis. Sementara itu , saya berminat di bidang pengolahan data karena saya juga takjub ketika mengetahui data bisa sangat berpengaruh dalam suatu bisnis."
Fakultas Teknologi Industri,Teknik  Informatika,2IA##,Universitas Gunadarma,Backend Programming
Fakultas Ilmu Komputer dan Teknologi Informasi,Sistem Komputer,1KB##,Universitas Gunadarma,Saya ingin mempelajari bahasa bahasa program yang nantinya bisa saya gunakan untuk masa depan saya
Fakultas Ilmu Komputer dan Teknologi Informasi,Sistem Informasi,1KA##,Universitas Gunadarma,"UI/UX, Web Developer"
Fakultas Ilmu Komputer dan Teknologi Informasi,Sistem Informasi,3KA##,Universitas Gunadarma,Frontend programming dan UI
Fakultas Teknologi Industri,Teknik  Informatika,3IA##,Universitas Gunadarma,"saya mau bisa di bagian frontend atau backend atau UI/UX pada dasarnya saya ingin berimajinasi dalam pembuatan sebuah app atau pun web dengan suatu hal yang baru. dan maka dari itu saya ingin sekali bisa mengerti dari bagian frontend,backend ataupun dari UI/UX"
Fakultas Teknologi Industri,Teknik  Informatika,2IA##,Universitas Gunadarma,"Minat saya dalam bidang IT yang di bidang pengolahan data khususnya Analisis Data, hal ini karena data merupakan aspek penting dalam perkembangan dunia informasi yang kian cepat. Oleh karena itu, saya ingin mengembangkan potensi saya di bidang analisis data."
Fakultas Ilmu Komputer dan Teknologi Informasi,Sistem Informasi,1KA##,Universitas Gunadarma,"UI/UX, software developer"
Fakultas Ilmu Komputer dan Teknologi Informasi,Sistem Informasi,1KA##,Universitas Gunadarma,Front end dev.
Fakultas Teknologi Industri,Teknik  Informatika,3IA##,Universitas Gunadarma,backend programing
Fakultas Ilmu Komputer dan Teknologi Informasi,Sistem Informasi,1KA##,Universitas Gunadarma,Programming
Fakultas Psikologi,Psikologi,2PA##,Universitas Gunadarma,UI dan UX 
Fakultas Teknologi Industri,Teknik  Informatika,3IA##,Universitas Gunadarma,untuk saat ini saya berminat menjadi frontend programming
Fakultas Ilmu Komputer dan Teknologi Informasi,Teknik  Informatika,1IA##,Universitas Gunadarma,baru memulai untuk mempelajari programing dan cukup interest.
Fakultas Teknologi Industri,Teknik  Informatika,2IA##,Universitas Gunadarma,Data analyst
Fakultas Teknologi Industri,Teknik  Informatika,4IA##,Universitas Gunadarma,UI/UX
Fakultas Ilmu Komputer dan Teknologi Informasi,Sistem Informasi,2KA##,Universitas Gunadarma,ERP Consultant/Software Developer
Fakultas Teknologi Industri,Teknik  Informatika,1IA##,Universitas Gunadarma,Programming 
Fakultas Teknologi Industri,Teknik  Informatika,4IA##,Universitas Gunadarma,"Minat yang saya miliki didalam bidang IT yaitu Web developer menggunakan laravel, dan Mobile develope menggunakan android studio dan react nattive, dan database administrator menggunakan MySQL dan Oracle"
Fakultas Teknologi Industri,Teknik  Informatika,2IA##,Universitas Gunadarma,"Front-end, UI/X"
Fakultas Teknologi Industri,Teknik  Informatika,2IA##,Universitas Gunadarma,Fullstack Web-Developer
Fakultas Teknologi Industri,Teknik  Informatika,2IA##,Universitas Gunadarma,saya sangat berminat di bidang programming terlebih di web application
Fakultas Ilmu Komputer dan Teknologi Informasi,Sistem Informasi,4KA##,Universitas Gunadarma,"Minat saya saat ini mau lebih memfokuskan ke Back End Programming, dan juga sambil lanjut ke Front End Programming "
Fakultas Teknologi Industri,Teknik  Informatika,1IA##,Universitas Gunadarma,
Fakultas Ilmu Komputer dan Teknologi Informasi,Sistem Informasi,3KA##,Universitas Gunadarma,UI/UX Design dan Database
Fakultas Teknologi Industri,Teknik  Informatika,3IA##,Universitas Gunadarma,"Front end web developer, backend web developer, full stack web developer "
Fakultas Ilmu Komputer dan Teknologi Informasi,Sistem Informasi,3KA##,Universitas Gunadarma,Fullstack programming
Fakultas Ilmu Komputer dan Teknologi Informasi,Sistem Informasi,1KA##,Universitas Gunadarma,UI/UX 
Fakultas Ekonomi,Manajemen,2EA##,Universitas Gunadarma,"Saya tertarik pada bidang backend  and frontend tetapi lebih diutamakan backend karena saya sendiri kurang kreatif dalam hal desain. Saya tertarik di bidang backend karena backend merupakan bagian dalam yang tidak berinteraksi dengan pengguna yang mengatur semua data,transaksi,dll sbagai pendukung front end"
Fakultas Ilmu Komputer dan Teknologi Informasi,Sistem Informasi,1KA##,Universitas Gunadarma,Rasa penasaran yang tinggi dan coding itu keren
Fakultas Ilmu Komputer dan Teknologi Informasi,Sistem Informasi,3ka##,Universitas Gunadarma,UI/UX
Fakultas Teknologi Industri,Teknik  Informatika,3IA##,Universitas Gunadarma,"Database, Copywriter, Cyber Security "
Fakultas Teknologi Industri,Teknik  Informatika,1IA##,Universitas Gunadarma,"Sejujurnya, saya baru terjun ke dunia IT dan belom paham betul tentang bagian-bagian di bidang IT dan hanya pernah membaca garis besarnya saja di internet. Dan tentu saja saya sangat ingin tau lebih banyak lagi tentang IT."
Fakultas Teknologi Industri,Teknik  Informatika,1IA##,Universitas Gunadarma,UI/UX & Web Development
Fakultas Teknologi Industri,Teknik  Informatika,2IA##,Universitas Gunadarma,front end web development
Fakultas Ilmu Komputer dan Teknologi Informasi,Sistem Informasi,3ka##,Universitas Gunadarma,UI / UX 
Fakultas Ilmu Komputer dan Teknologi Informasi,Sistem Informasi,1KA##,Universitas Gunadarma,"Minat saya berada di back end programming, namun di saat yang bersamaan saya juga tertarik untuk mempelajari front end"
Fakultas Teknologi Industri,Teknik  Informatika,4IA##,Universitas Gunadarma,"UI/UX, Content Writing"
Fakultas Ilmu Komputer dan Teknologi Informasi,Sistem Informasi,4KA##,Universitas Gunadarma,"Dalam bidang IT saya tertarik dalam Front End Development, UI/UX dan Android Development. Minat saya di Front End Development dan UI/UX didorong dengan keahlian saya dalam desain grafis. Dan minat saya dalam Android Development didorong dengan bekal ilmu saya yang sudah saya dapatkan disaat mengikuti program Bangkit."
Fakultas Teknologi Industri,Teknik  Informatika,1IA##,Universitas Gunadarma,Tentang mengcoding dan programing gitu yang saya minat
Fakultas Teknologi Industri,other,1IC##,Universitas Gunadarma,UI
Fakultas Ilmu Komputer dan Teknologi Informasi,Sistem Informasi,3KA##,Universitas Gunadarma,Web development (Front-End)
Fakultas Teknologi Industri,Teknik  Informatika,2IA##,Universitas Gunadarma,
Fakultas Teknologi Industri,Teknik  Informatika,3IA##,Universitas Gunadarma,Saya berminat dibidang UI/UX karna ingin membuat tampilan aplikasi menjadi friendly
Fakultas Ilmu Komputer dan Teknologi Informasi,Sistem Informasi,1KA##,Universitas Gunadarma,"Saya berminat dalam bidang UI/UX, tetapi saya masih sangat minim wawasan tentangnya.  "
Fakultas Teknologi Industri,Teknik  Informatika,2IA##,Universitas Gunadarma,"minat saya dalam bidang IT adalah fullstack web develeoper, sekarang saya sedang mendalami bagian frontend dari web developer. saya tertarik fullstack web developer dikarenakan saya dapat mengembangkan aplikasi saya sendiri secara individual. kemudian saya juga ingin mendalami dua bidang dari frontend maupun backend"
Fakultas Ilmu Komputer dan Teknologi Informasi,Sistem Informasi,3KA##,Universitas Gunadarma,UI/UX
Fakultas Ilmu Komputer dan Teknologi Informasi,Sistem Informasi,3KA##,Universitas Gunadarma,WEB DEVELOPER
Fakultas Teknologi Industri,Teknik  Informatika,3IA##,Universitas Gunadarma,Backend programming
Fakultas Ilmu Komputer dan Teknologi Informasi,Sistem Informasi,4KA##,Universitas Gunadarma,"Manajemen jaringan, programming"
Fakultas Ilmu Komputer dan Teknologi Informasi,Sistem Informasi,2KA##,Universitas Gunadarma,"saya suka dan tertarik dalam bidang IT, dan saya sekarang lagi senang mempelajari UI/UX, dari itu saya ingin memperluas dan mengasah pengetahuan saya di bidang IT"
Fakultas Teknologi Industri,Teknik  Informatika,1IA##,Universitas Gunadarma,web developer
Fakultas Teknologi Industri,Teknik  Informatika,1IA##,Universitas Gunadarma,Saya cukup minat dengan UI/UX
Fakultas Teknologi Industri,Teknik Industri,1ID##,Universitas Gunadarma,"Minat saya dalam bidang IT adalah data science, sebab Dengan mempelajari data science kita akan mempersiapkan diri terhadap tren teknologi di masa depan, karena data science menuntut kita untuk bisa problem solving, Melihat serta menganalisis suatu data dan juga para data scientist ini sangat dibutuhkan oleh perusahaan di masa yang serba menerapkan teknologi digital ini. "
Fakultas Ilmu Komputer dan Teknologi Informasi,Sistem Informasi,1KA##,Universitas Gunadarma,Project Manager
Fakultas Teknologi Industri,Teknik  Informatika,1IA##,Universitas Gunadarma,Ingin menguasai backend programming
Fakultas Ilmu Komputer dan Teknologi Informasi,Sistem Informasi,-,Universitas Gunadarma,saya tertarik pada UI/UX
Fakultas Ilmu Komputer dan Teknologi Informasi,Sistem Informasi,1KA##,Universitas Gunadarma,"UI/UX, Front End Programming Dan data scientist"
Fakultas Teknologi Industri,Teknik  Informatika,2IA##,Universitas Gunadarma,Minat saya dalam bidang IT adalah backend programming
Fakultas Psikologi,Psikologi,1PA##,Universitas Gunadarma,"Sejujurnya saya masih belum mengerti banyak hal tentang IT. Tetapi, setelah saya cari tau secara sekilas saya tertarik dengan Security Engineer"
Fakultas Teknologi Industri,Teknik  Informatika,1IA##,Universitas Gunadarma,Full Stack Developer
Fakultas Teknologi Industri,Teknik  Informatika,2IA##,Universitas Gunadarma,Saya minat di bidang programming
Fakultas Ilmu Komputer dan Teknologi Informasi,Sistem Informasi,3KA##,Universitas Gunadarma,"Minat saya ada UI/UX designe, Fontend programming, dan data science"
Fakultas Teknologi Industri,Teknik  Informatika,2IA##,Universitas Gunadarma,"Machine Learing, Deep Learning"
Fakultas Ilmu Komputer dan Teknologi Informasi,Sistem Informasi,2KA##,Universitas Gunadarma,"Tujuan saya mengikuti Google Developer Student dalam bidang it, saya ingin memahami tidak hanya kodingan tetapi apakah ada juga tentang materi linux dan ingin mempelajari tentang linux dari para senior dan cara pengerjaanya. selain itu saya ingin menambah pengetahuan bukan hanya sekedar mengikuti tetapi memahami apa saja ilmu yang akan saya dalami ssaat mengikuti Google Developer Student nanti."
Fakultas Ilmu Komputer dan Teknologi Informasi,Teknik  Informatika,1IA##,Universitas Gunadarma,Programming
Fakultas Ilmu Komputer dan Teknologi Informasi,Sistem Informasi,1KA##,Universitas Gunadarma,backend programming
Fakultas Ilmu Komputer dan Teknologi Informasi,Sistem Informasi,1KA##,Universitas Gunadarma,Saya tertarik untuk mempelajari Backen Programming.
Fakultas Teknologi Industri,Teknik  Informatika,-,Universitas Gunadarma,Programing
Fakultas Ilmu Komputer dan Teknologi Informasi,Sistem Informasi,1KA##,Universitas Gunadarma,"saya tertarik menjadi web developer, application developer dan business analyst "
Fakultas Ilmu Komputer dan Teknologi Informasi,Sistem Informasi,3KA##,Universitas Gunadarma,"Akhir - akhir ini saya memiliki ketertarikan untuk mempelajari Kecerdasan Buatan dikarenakan disemester lalu saya ada mata kuliah Komputasi Big Data, dan saya juga tertarik dengan UI Design."
Fakultas Teknologi Industri,other,3i1##,Universitas Gunadarma,
Fakultas Teknologi Industri,Teknik  Informatika,2IA##,Universitas Gunadarma,UI/UX
Fakultas Teknologi Industri,Teknik  Informatika,1IA##,Universitas Gunadarma,"Yes, programming"
Fakultas Ilmu Komunikasi,other,2MA##,Universitas Gunadarma,UI/UX
Fakultas Teknologi Industri,Teknik  Informatika,1IA##,Universitas Gunadarma,"Software Dev, Fullstack Dev, Data Scientist"
Fakultas Teknologi Industri,Teknik  Informatika,3IA##,Universitas Gunadarma,"UI/UX, Frontend, fullstack developer"
Fakultas Teknologi Industri,Teknik  Informatika,4IA##,Universitas Gunadarma,"Ui/ux, networking, server"
Fakultas Teknologi Industri,Teknik  Informatika,1IA##,Universitas Gunadarma,minat aku di bidang IT itu Game develop dan Software develop. 
Fakultas Ilmu Komputer dan Teknologi Informasi,Sistem Informasi,1KA##,Universitas Gunadarma,"Software development, Teknis Komputer, Game engineer. "
Fakultas Teknologi Industri,Teknik  Informatika,2IA##,Universitas Gunadarma,Data security / keamanan data
Fakultas Teknologi Industri,Teknik  Informatika,1IA##,Universitas Gunadarma,Programming 
Fakultas Teknologi Industri,Teknik  Informatika,3IA##,Universitas Gunadarma,"UI/UX, database program "
Fakultas Ilmu Komputer dan Teknologi Informasi,Sistem Informasi,2KA##,Universitas Gunadarma,"UI/UX, Flutter, Mobile App"
Fakultas Ilmu Komputer dan Teknologi Informasi,Sistem Informasi,1KA##,Universitas Gunadarma,"Minat saya dalam bidang IT yaitu, UX. Menekankan pada kepuasan pengguna dalam menggunakan produk."
Fakultas Ilmu Komputer dan Teknologi Informasi,Sistem Informasi,1KA##,Universitas Gunadarma,Saya tertarik dalam bidang software developer dan system analist.
Fakultas Teknologi Industri,Teknik  Informatika,2IA##,Universitas Gunadarma,"Web Development
Backend Programming"
Fakultas Ilmu Komputer dan Teknologi Informasi,Sistem Informasi,2KA##,Universitas Gunadarma,
Fakultas Ilmu Komputer dan Teknologi Informasi,Sistem Informasi,3KA##,Universitas Gunadarma,UI/UX dan Fullstack
Fakultas Ilmu Komputer dan Teknologi Informasi,Teknik  Informatika,2IA##,Universitas Gunadarma,Programming
Fakultas Ilmu Komputer dan Teknologi Informasi,Sistem Informasi,1KA##,Universitas Gunadarma,System manager 
Fakultas Teknologi Industri,Teknik  Informatika,3IA##,Universitas Gunadarma,"Backend programming, DevOps engineer, "
Fakultas Teknologi Industri,Teknik  Informatika,3IA##,Universitas Gunadarma,backend programming
Fakultas Teknologi Industri,Teknik  Informatika,2IA##,Universitas Gunadarma,UI/UX
Fakultas Teknologi Industri,Teknik  Informatika,2IA##,Universitas Gunadarma,"Chief information manager, UI/UX manager atau java programmer"
Fakultas Teknologi Industri,Teknik  Informatika,2IA##,Universitas Gunadarma,Backend programming 
Fakultas Teknologi Industri,Teknik  Informatika,2IA##,Universitas Gunadarma,"UI/UX, web, dbms dan networking"
Fakultas Ilmu Komputer dan Teknologi Informasi,Sistem Informasi,3KA##,Universitas Gunadarma,UI/UX
Fakultas Ilmu Komputer dan Teknologi Informasi,Sistem Informasi,3KA##,Universitas Gunadarma,"Data Science, Data Manager, Data Administrator"
Fakultas Teknologi Industri,Teknik  Informatika,3IA##,Universitas Gunadarma,Saya ingin belajar di progamming web 
Fakultas Ilmu Komputer dan Teknologi Informasi,Sistem Informasi,1KA##,Universitas Gunadarma,Data Analyst
Fakultas Ilmu Komputer dan Teknologi Informasi,Sistem Informasi,1KA##,Universitas Gunadarma,"Saya tertarik dalam bidang UI,UX dan Web Developing"
Fakultas Teknologi Industri,Teknik  Informatika,1IA##,Universitas Gunadarma,"Artificial Intelligence 
Di bidang ini saya ingin melatih pemikiran kreativ saya Dan juga hal hal Yang berkaitan dengan teknologi Dan matematika. Dan Di bidang ini saya tertarik untuk membuat suatu produk Teknologi modern Yang nantinya berguna untuk masyarakat . "
Fakultas Teknologi Industri,Teknik  Informatika,2IA##,Universitas Gunadarma,"Web programming, UI/UX, dan AI"
Fakultas Ilmu Komputer dan Teknologi Informasi,Sistem Informasi,3KA##,Universitas Gunadarma,Saya memiliki minat untuk menjadi fullstack developer dan juga menjadi game developer.
Fakultas Teknologi Industri,Teknik  Informatika,-,Universitas Gunadarma,UI/UX
Fakultas Ilmu Komputer dan Teknologi Informasi,Sistem Informasi,4ka##,Universitas Gunadarma,Full stack developer
Fakultas Ilmu Komputer dan Teknologi Informasi,Sistem Informasi,-,Universitas Gunadarma,"Untuk saat ini minat saya adalah mobile developer (Flutter), wordpress developer, dan artificial intelligence"
Fakultas Teknologi Industri,Teknik  Informatika,1IA##,Universitas Gunadarma,Backend programming
Fakultas Teknologi Industri,Teknik  Informatika,3IA##,Universitas Gunadarma,"Untuk sekarang saya masih mempelajari apa yang akan menjadi minat saya, tapi saya sangat tertarik dengan UI/UX designers."
Fakultas Ilmu Komputer dan Teknologi Informasi,Sistem Informasi,2KA##,Universitas Gunadarma,smua tentang programming
Fakultas Teknologi Industri,Teknik  Informatika,2IA##,Universitas Gunadarma,Front End Developer.
Fakultas Ilmu Komputer dan Teknologi Informasi,Sistem Informasi,1KA##,Universitas Gunadarma,"Untuk saat ini, saya sedang menaruh minat banyak di front end programming. saya cukup tertarik dengan desain web tetapi ingin juga berperan dalam pembangunan web yang bertanggung jawab langsung dengan pengguna. "
Fakultas Teknik dan Informatika,Sistem Informasi,-,Universitas Nusa Mandiri,"Machine learning, backend, web, mobile."
Fakultas Teknologi Industri,Teknik  Informatika,4IA##,Universitas Gunadarma,saya ingin mendalami tentang networking dan security
Fakultas Ilmu Komputer dan Teknologi Informasi,Sistem Informasi,3KA##,Universitas Gunadarma,"UI/UX , iOS Developer,  Animasi , 2D/3D Design seperti Vector dan modelling"
Fakultas Ilmu Komunikasi,other,2MA##,Universitas Gunadarma,UI/UX
Fakultas Ilmu Komputer dan Teknologi Informasi,Sistem Informasi,1KA##,Universitas Gunadarma,Programming
Fakultas Teknologi Industri,Teknik  Informatika,2ia##,Universitas Gunadarma,Karena aku belum tau jadi aku pilih Ui/ux dan programming
Fakultas Teknologi Industri,Teknik  Informatika,2IA##,Universitas Gunadarma,Web developer
Fakultas Teknik,Teknik  Informatika,-,Universitas Muhammadiyah Prof. Dr.Hamka,
Fakultas Ilmu Komputer dan Teknologi Informasi,Sistem Informasi,3KA##,Universitas Gunadarma,-
Fakultas Ilmu Komputer dan Teknologi Informasi,Sistem Informasi,3KA##,Universitas Gunadarma,Memperfalam ilmu it & jago program jaringan dan lain lain
Fakultas Ilmu Komputer dan Teknologi Informasi,Psikologi,-,other,Programming
Fakultas Teknologi Industri,Teknik  Informatika,1IA##,Universitas Gunadarma,Full stack CEH CISCO
Fakultas Teknologi Industri,Teknik  Informatika,1IA##,Universitas Gunadarma,"Di dunia IT saya belum terlalu paham jadi saya akan memulai dari awal oleh karena itu, saya belum tau minat saya di bidang IT"
Fakultas Ilmu Komputer dan Teknologi Informasi,Sistem Informasi,1KA##,Universitas Gunadarma,"saya berminat terhadap bidang UI/UX, web developer, android developer, dan game developer"
Fakultas Ilmu Komputer dan Teknologi Informasi,Sistem Informasi,3ka##,Universitas Gunadarma,ingin menjadi web developer
Fakultas Teknologi Industri,Teknik  Informatika,1IA##,Universitas Gunadarma,"Minat saya lebih condong ke backend ataupun frontend programming namun saya akan selalu siap untuk mempelajari bidang lain seperti cyber securitiy yang termasuk minat saya yang paling keras,dan seiring berjalannya waktu juga ingin mempelajari tentang ui/ux"
Fakultas Teknologi Industri,Teknik  Informatika,2IA##,Universitas Gunadarma,Programming
Fakultas Teknologi Industri,Teknik  Informatika,1IA##,Universitas Gunadarma,"Mobile programming, backend programming"
Fakultas Teknologi Industri,Teknik Elektro,3IB##,Universitas Gunadarma,Pengen bikin jarvis.
Fakultas Teknologi Industri,Teknik  Informatika,1IA##,Universitas Gunadarma,Saya sangat berminat dalam bidang Front-End Developer dan UI/UX Design.
Fakultas Psikologi,Psikologi,2PA##,Universitas Gunadarma,"UI/UX, data analyst, cyber security, dan programming lainnya"
Fakultas Ilmu Komputer dan Teknologi Informasi,Sistem Informasi,1KA##,Universitas Gunadarma,Software Engineering dan Web Development
Fakultas Teknologi Industri,Teknik  Informatika,2IA##,Universitas Gunadarma,Saya minat dalam programming karena menurut saya itu sangat dibutuhkan disegala aspek
Fakultas Teknologi Industri,Teknik  Informatika,-,Universitas Gunadarma,Saya tertarik pada Web Development khususnya pada front end web development
Fakultas Teknologi Industri,Teknik  Informatika,1IA##,Universitas Gunadarma,backend programming
Fakultas Ilmu Komputer dan Teknologi Informasi,Sistem Informasi,3KA##,Universitas Gunadarma,"Backend programming, Machine Learning, UI/UX"
Fakultas Ilmu Komputer dan Teknologi Informasi,Sistem Informasi,2KA##,Universitas Gunadarma,"Networking, backend programming, web development"
Fakultas Teknologi Industri,Teknik  Informatika,1IA##,Universitas Gunadarma,UI/UX
Fakultas Ilmu Komputer dan Teknologi Informasi,Sistem Informasi,3KA##,Universitas Gunadarma,Full stack developer
Fakultas Ilmu Komputer dan Teknologi Informasi,Sistem Informasi,2KA##,Universitas Gunadarma,Saya berminat mempelajari ilmu tentang frontend progamming
Fakultas Teknologi Industri,Teknik  Informatika,1IA##,Universitas Gunadarma,front-end programming
Fakultas Teknologi Industri,Teknik  Informatika,1IA##,Universitas Gunadarma,Cyber Security
Fakultas Teknologi Industri,Teknik  Informatika,3IA##,Universitas Gunadarma,"Saya memiliki ketertarikan dalan web development, data science, dan software engineer
Tetapi karena fokus kepada banyak hal itu tidak bagus, saat ini saya fokus belajar tentang web development"
Fakultas Teknologi Industri,Teknik  Informatika,3IA##,Universitas Gunadarma,Minat saya di bidang IT ingin menjadi backend programming
Fakultas Ilmu Komputer dan Teknologi Informasi,Sistem Informasi,1KA##,Universitas Gunadarma,"Untuk saat ini Alya masih belum paham tentang bidang IT, Alya ingin mempelajari ilmu dasarnya dulu. Semoga kedepannya Alya bisa tahu secara spesifik apa yang sebetulnya Alya minatin"
Fakultas Ilmu Komputer dan Teknologi Informasi,Sistem Komputer,3KB##,Universitas Gunadarma,"jaringan , hardware untuk pc"
Fakultas Ilmu Komputer dan Teknologi Informasi,Sistem Informasi,3ka##,Universitas Gunadarma,programming
Fakultas Ilmu Komputer dan Teknologi Informasi,Sistem Informasi,1KA##,Universitas Gunadarma,"Minat saya dalam bidang IT yaitu data sains, entah kenapa saya suka dalam bidang pengolahan data"
Fakultas Teknologi Industri,Teknik Elektro,3IB##,Universitas Gunadarma,Network Architect
Fakultas Teknologi Industri,Teknik  Informatika,1IA##,Universitas Gunadarma,Backend programming
Fakultas Ilmu Komputer dan Teknologi Informasi,Sistem Informasi,3KA##,Universitas Gunadarma,"Minat saya adalah dibidang data analytics, saya ingin sekali membangun career saya pada bidang data. Mohon bantuannya"
Fakultas Teknologi Industri,Teknik  Informatika,2IA##,Universitas Gunadarma,"Sistem analisis, web developer"
Fakultas Teknologi Industri,Teknik  Informatika,3IA##,Universitas Gunadarma,Frontend programming
Fakultas Teknologi Industri,Teknik  Informatika,2IA##,Universitas Gunadarma,Frontend programming.
Fakultas Ilmu Komputer dan Teknologi Informasi,Sistem Informasi,3KA##,Universitas Gunadarma,"Front-end Web Development dalam membuat tampilan web supaya menjadi menarik dan responsif, dan Mobile Development membuat sebuah aplikasi mobile."
Fakultas Teknologi Industri,Teknik  Informatika,2IA##,Universitas Gunadarma,backend developmen
Fakultas Ekonomi,other,343##,Universitas Gunadarma,fsadfs
Fakultas Ilmu Komputer dan Teknologi Informasi,Sistem Informasi,1KA##,Universitas Gunadarma,
Fakultas Ilmu Komputer dan Teknologi Informasi,Sistem Komputer,1KB##,Universitas Gunadarma,Embedded sytem dan backend programming
Fakultas Ilmu Komputer dan Teknologi Informasi,Sistem Informasi,1KA##,Universitas Gunadarma,"Desain,"
Fakultas Ilmu Komputer dan Teknologi Informasi,Sistem Informasi,3KA##,Universitas Gunadarma,":UI/UX, backend programming"
Fakultas Ilmu Komputer dan Teknologi Informasi,Psikologi,-,Universitas Bina Sarana Informatika,Saya berminat untuk menjadi Backend Programming karena saya suka membantu mengatasi suatu masalah dan membuat program agar menjadi lebih baik.
Fakultas Teknologi Industri,Teknik  Informatika,2IA##,Universitas Gunadarma,Ui/UX
Fakultas Ilmu Komputer dan Teknologi Informasi,Sistem Informasi,1KA##,Universitas Gunadarma,UI/UX dan biar bisa ngoding kak:(
Fakultas Ilmu Komputer dan Teknologi Informasi,Sistem Informasi,2KA##,Universitas Gunadarma,"UI/UX, Cyber security, database"
Fakultas Teknologi Industri,Teknik  Informatika,1IA##,Universitas Gunadarma,"Jaringan / Networking : dari sekedar menyambungkan kabel antar komputer, antar gadget sampai jaringan antar benua, satelit dan sebagainya"
Fakultas Ilmu Komputer dan Teknologi Informasi,Sistem Informasi,1KA##,Universitas Gunadarma,website developer and progammer
Fakultas Ilmu Komputer dan Teknologi Informasi,Sistem Informasi,4KA##,Universitas Gunadarma,backend programming
Fakultas Ilmu Komputer dan Teknologi Informasi,Sistem Informasi,2KA##,Universitas Gunadarma,"UI/UX, fullstack web programming "
Fakultas Ilmu Komputer dan Teknologi Informasi,Sistem Informasi,1KA##,Universitas Gunadarma,programming
Fakultas Teknik informatika,Teknik  Informatika,2IA##,Universitas Gunadarma,Programming
Fakultas Ilmu Komputer dan Teknologi Informasi,Sistem Informasi,3ka##,Universitas Gunadarma,UI/UX
Fakultas Ilmu Komputer dan Teknologi Informasi,Sistem Informasi,3ka##,Universitas Gunadarma,frontend
Fakultas Ilmu Komputer dan Teknologi Informasi,Sistem Informasi,1KA##,Universitas Gunadarma,"UI design, Backend Programming"
Fakultas Ilmu Komputer dan Teknologi Informasi,Sistem Informasi,3KA##,Universitas Gunadarma,Backend programming
Fakultas Ilmu Komputer dan Teknologi Informasi,Sistem Informasi,3KA##,Universitas Gunadarma,ingin mendalami ilmu pemrograman dan bisa membuat suatu project dengan tim 
Fakultas Teknologi Industri,Teknik  Informatika,1IA##,Universitas Gunadarma,Untuk saat ini saya minat dalam bidang FullStack Dev dan Data Scientist.
Fakultas Teknologi Industri,Teknik  Informatika,3IA##,Universitas Gunadarma,"Sebelum Saya magang saya sangat ingin untuk belajar Front end / Back End Developer,tetapi Semenjak saya magang saya sangat ingin mendalami tentang web developer,tetapi itu tidak mengurangi minat saya untuk belajar frontend/backend developer"
Fakultas Teknologi Industri,Teknik  Informatika,4IA##,Universitas Gunadarma,"Web Development, UI/UX"
Fakultas Ilmu Komputer dan Teknologi Informasi,Sistem Informasi,1KA##,Universitas Gunadarma,minat saya di web developer dan mobile apps
Fakultas Teknologi Industri,Teknik  Informatika,4IA##,Universitas Gunadarma,Programming
Fakultas Ilmu Komputer dan Teknologi Informasi,other,-,Universitas Indraprasta PGRI,Backend
Fakultas Ilmu Komputer dan Teknologi Informasi,Sistem Komputer,2KB##,Universitas Gunadarma,"System analyst, Hardware Engineer, Programmer"
Fakultas Psikologi,Psikologi,2PA##,Universitas Gunadarma,
Fakultas Ilmu Komputer dan Teknologi Informasi,Sistem Informasi,3KA##,Universitas Gunadarma,minat yg paling saya sukai adalah back end tetapi front end saya juga tertarik
Fakultas Ilmu Komputer dan Teknologi Informasi,Sistem Informasi,3KA##,Universitas Gunadarma,"Saya berminat dalam Backend programming, namun juga tertarik dalam fullstack developing, juga tertarik dalam data science, dan mobile app."
Fakultas Teknologi Industri,Teknik  Informatika,1IA##,Universitas Gunadarma,Programming
Fakultas Teknologi Industri,Teknik  Informatika,2IA##,Universitas Gunadarma,Front end
Fakultas Ilmu Komputer dan Teknologi Informasi,Sistem Informasi,2KA##,Universitas Gunadarma,UI
D3 Teknologi Informasi ,Manajemen,1DB##,Universitas Gunadarma,backend programming
Fakultas Teknologi Industri,Teknik  Informatika,1IA##,Universitas Gunadarma,"Cyber sekurity, computer forensic investigator"
Fakultas Ilmu Komputer dan Teknologi Informasi,Sistem Informasi,1KA##,Universitas Gunadarma,UI/UX
Fakultas Ilmu Komputer dan Teknologi Informasi,Sistem Informasi,2KA##,Universitas Gunadarma,"UI UX Design , front end Web Development"
Fakultas Ilmu Komputer dan Teknologi Informasi,Sistem Informasi,1KA##,Universitas Gunadarma,Saya sangat tertarik untuk belajar bidang IT seperti backend programming
Fakultas Ilmu Komputer dan Teknologi Informasi,Sistem Informasi,1KA##,Universitas Gunadarma,"coding, ui / ux , IT developer"
Fakultas Ilmu Komputer dan Teknologi Informasi,Sistem Komputer,2kb##,Universitas Gunadarma,"fullstack programming, software developer"
Fakultas Ilmu Komputer dan Teknologi Informasi,Sistem Informasi,2KA##,Universitas Gunadarma,Dari dulu tuh tertarik sama backend dan cybersecurity. Apalagi setelah ikut webinar tentang cybersecurity jadi makin tertarik. Tapi gatau harus mulai dari mana
Fakultas Teknologi Industri,Teknik  Informatika,3IA##,Universitas Gunadarma,UI/UX
Fakultas Ilmu Komputer dan Teknologi Informasi,Sistem Informasi,2KA##,Universitas Gunadarma,Fullstack web programing dan UI/UX
Fakultas Teknologi Industri,Teknik  Informatika,1IA##,Universitas Gunadarma,programming
Fakultas Ilmu Komputer dan Teknologi Informasi,Sistem Informasi,3KA##,Universitas Gunadarma,web programming
Fakultas Psikologi,Psikologi,1PA##,Universitas Gunadarma,UI/UX 
Fakultas Teknologi Industri,Teknik  Informatika,3IA##,Universitas Gunadarma,UI/UX
Fakultas Teknologi Industri,Teknik  Informatika,2IA##,Universitas Gunadarma,"Saya tertarik pada Mobile App Development khususnya Android, UI/UX, dan web development."
Fakultas Teknologi Industri,Teknik  Informatika,2IA##,Universitas Gunadarma,Backend programming
Fakultas Ilmu Komputer dan Teknologi Informasi,Sistem Informasi,3KA##,Universitas Gunadarma,UI/UX
Fakultas Ilmu Komputer dan Teknologi Informasi,Sistem Komputer,4KB##,Universitas Gunadarma,"Web Dev, UI/UX."
Fakultas Ekonomi,Manajemen,1EA##,Universitas Gunadarma,"Progamming, cloud computing, SQL, dll."
Fakultas Ilmu Komputer dan Teknologi Informasi,Sistem Informasi,1KA##,Universitas Gunadarma,"aku sendiri lebih condong ke UI/UX ya, karena selama 3 tahun belajar perkodingan di sekolah aku merasa paling enjoy waktu mengerjakan itu ðŸ˜€"
Fakultas Teknologi Industri,Teknik  Informatika,1IA##,Universitas Gunadarma,Berminta menjadi Web programming/Network engineer
Fakultas Psikologi,Psikologi,2PA##,Universitas Gunadarma,Saya ingin belajar tentang UI/UX karena ingin mempunyai pengalaman untuk mempercantik tampilan situs/aplikasi dengan cara mendesain yang baik dan benar serta mendapatkan fungsionalitas dari penggunaan aplikasi/ situs nantinya.
Fakultas Teknologi Industri,Teknik  Informatika,3IA##,Universitas Gunadarma,Programmer (saya kurang memahami mungkin saat saya bergabung saya akan memahami role-role tersebut)
Fakultas Ilmu Komputer dan Teknologi Informasi,Sistem Informasi,1KA##,Universitas Gunadarma,Seorang web designer atau backend developer
Fakultas Teknologi Industri,Teknik  Informatika,4IA##,Universitas Gunadarma,"FrontEnd, BackEnd, Mobile, Game Development"
Fakultas Ilmu Komputer dan Teknologi Informasi,Sistem Informasi,1KA##,Universitas Gunadarma,saya ingin memahami serta mempelajari front-end dan back-end
Fakultas Ilmu Komputer dan Teknologi Informasi,Sistem Informasi,2KA##,Universitas Gunadarma,Web Programing
Fakultas Teknologi Industri,Teknik  Informatika,1IA##,Universitas Gunadarma,software enginner
Fakultas Teknologi Industri,Teknik  Informatika,1IA##,Universitas Gunadarma,"sebelumnya saya kurang paham dalam IT tpi IU/UX lebih saya minati dari yang lain, karna saya juga suka terhadap seni desain. saya ingin mencoba mempelajari dan membuatnya."
Fakultas Ilmu Komputer dan Teknologi Informasi,Sistem Informasi,3KA##,Universitas Gunadarma,web developer
Fakultas Teknologi Industri,Teknik  Informatika,2IA##,Universitas Gunadarma,UI/UX
Fakultas Ilmu Komputer dan Teknologi Informasi,Sistem Informasi,2KA##,Universitas Gunadarma,Backend programming
Fakultas Teknologi Industri,Teknik  Informatika,2IA##,Universitas Gunadarma,IT support
Fakultas Teknologi Industri,Teknik  Informatika,1IA##,Universitas Gunadarma," machine learning, backend programming"
Fakultas Ilmu Komputer dan Teknologi Informasi,Sistem Informasi,3KA##,Universitas Gunadarma,Minat saya khusunya dalam bidang IT menjadi seorang programer dan security database
Fakultas Ilmu Komputer dan Teknologi Informasi,Sistem Informasi,2ka##,Universitas Gunadarma,system manager
Fakultas Teknologi Industri,Teknik  Informatika,1IA##,Universitas Gunadarma,"UI/UX , Programming, Software Engineering, Web Developer, IT Consultant dan IT Startup"
Teknik ,Teknik Elektro,-,other,Data Science
Fakultas Teknologi Industri,Teknik  Informatika,2IA##,Universitas Gunadarma,"saya terinspirasi dari beberapa orang bahkan sebuah karakter fiksi. contohnya seperti Mark Zuckernberg, Elon Musk, dan karakter fiksi seperti Tony Stark. mereka adalah orang-orang hebat yang bisa merubah dunia dengan teknologi dan kepintaran mereka. Sehingga saya tertarik dengan teknologi khusunya di bidang seperti pemrograman. saya ingin membantu banyak orang dengan program yang saya buat dan memberikan banyak kemudahan dan akses yang mudah untuk digunakan."
Fakultas Ilmu Komputer dan Teknologi Informasi,Sistem Informasi,2KA##,Universitas Gunadarma,Software Devolopper
Fakultas Ilmu Komputer dan Teknologi Informasi,Sistem Komputer,3KB##,Universitas Gunadarma,"Saya memiliki minat di bidang backend programming, saya akan merancang sistem yang efisien dan dapat menyelesaikan suatu permasalahan."
Fakultas Teknologi Industri,Teknik  Informatika,1IA##,Universitas Gunadarma,"ML Engineer, Data Analysis, Backed Engineer"
Fakultas Teknologi Industri,Teknik  Informatika,2IA##,Universitas Gunadarma,UI/UX 
Fakultas Teknologi Industri,Teknik  Informatika,1IA##,Universitas Gunadarma,Backend programing
Fakultas Teknologi Industri,Teknik Industri,1ID##,Universitas Gunadarma,"Saya sangat berminat atau menekuni di bidang Data Science seperti Big data, pyhton, coding, dan ilmu lain yang relevan dengan bidang itu"
Fakultas Teknologi Industri,Teknik  Informatika,2IA##,Universitas Gunadarma,saya berminat mempelajari tentang UI/UX
Fakultas Teknologi Industri,Teknik  Informatika,2IA##,Universitas Gunadarma,programing atau jaringan
Fakultas Teknologi Industri,Teknik  Informatika,3IA##,Universitas Gunadarma,Saya sangat tertarik pada UI/UX sebuah website maupun aplikasi.
Fakultas Ilmu Komputer dan Teknologi Informasi,Sistem Informasi,2KA##,Universitas Gunadarma,Backend programming
Fakultas Teknologi Industri,Teknik  Informatika,1IA##,Universitas Gunadarma,"UI/UX 
Cloud Computing "
Fakultas Ilmu Komputer dan Teknologi Informasi,Sistem Informasi,3KA##,Universitas Gunadarma,Front-End dan Back-End programming
Fakultas Teknologi Industri,Teknik  Informatika,2IA##,Universitas Gunadarma,"UI/UX, web design"
Fakultas Teknologi Industri,Teknik  Informatika,1IA##,Universitas Gunadarma,Minat saya dalam bidang IT yaitu backed programming
Fakultas Ilmu Komputer dan Teknologi Informasi,Sistem Informasi,1KA##,Universitas Gunadarma,backend programming
Fakultas Ilmu Komputer dan Teknologi Informasi,Sistem Informasi,3KA##,Universitas Gunadarma,UI/UX
Fakultas Ilmu Komputer dan Teknologi Informasi,Sistem Informasi,2KA##,Universitas Gunadarma,Backend programming
Fakultas Teknologi Industri,Teknik  Informatika,4IA##,Universitas Gunadarma,Minat dalam UI/UX (desain web)
Fakultas Psikologi,Psikologi,1PA##,Universitas Gunadarma, UI/UX
Fakultas Teknologi Industri,Teknik  Informatika,2IA##,Universitas Gunadarma,"UI/UX dan yang lainnya saya juga minat ka, karena untuk menambah pengetahuan saya"
Fakultas Teknologi Industri,Teknik  Informatika,4IA##,Universitas Gunadarma,"Minat saya dalam memilih bidang IT ini khususnya dalam bidang UI/UX dikarenakan saya senang mendesain ulang aplikasi lalu mengubahnya menjadi sedikit berbeda dan mungkin lebih user friendly, proses belajar dalam hal UI/UX yang saya lakukan didukung dengan menggunakan platform Figma."
Fakultas Teknologi Industri,Teknik  Informatika,-,Universitas Gunadarma,web developer 
Fakultas Teknologi Industri,Teknik  Informatika,1IA##,Universitas Gunadarma,"Sejujurnya belum tahu, karena saya sangat memulai dari nol masuk jurusa  TI"
Fakultas Teknologi Industri,Teknik  Informatika,2IA##,Universitas Gunadarma,"Android Developer, Front End dan Back End Developer"
Fakultas Ilmu Komputer dan Teknologi Informasi,Sistem Informasi,3KA##,Universitas Gunadarma,Database Administrator
Fakultas Ilmu Komputer dan Teknologi Informasi,Sistem Informasi,1KA##,Universitas Gunadarma,Saya ingin menjadi seorang Web Developer (Front end dan Back end) untuk dijadikan pekerjaan lepas dan seorang Data Science sebagai pekerjaan saya selepas kuliah nanti.
Fakultas Teknologi Industri,Teknik  Informatika,1IA##,Universitas Gunadarma,"- Full-stack programming
- UI/UX
- Sound Signal Processing"
Fakultas Ilmu Komputer dan Teknologi Informasi,Sistem Informasi,2KA##,Universitas Gunadarma,"karena saya sangat suka design, saya ingin menjadi ui/ux designer"
Fakultas Ilmu Komputer dan Teknologi Informasi,Sistem Informasi,1KA##,Universitas Gunadarma,backend programming
Fakultas Ilmu Komputer dan Teknologi Informasi,Sistem Informasi,3KA##,Universitas Gunadarma,"Minat saya dalam bidang it yaitu,berbagai hal yg berbau html dan hacking investigator"
Fakultas Teknologi Industri,Teknik  Informatika,1IA##,Universitas Gunadarma,web design
Fakultas Ilmu Komputer dan Teknologi Informasi,Sistem Informasi,3KA##,Universitas Gunadarma,pengennya sih front end biar bisa design web dengan rapih
Fakultas Ilmu Komputer dan Teknologi Informasi,Sistem Informasi,1KA##,Universitas Gunadarma,UI/UX
Fakultas Teknologi Industri,Teknik  Informatika,4IA##,Universitas Gunadarma,Web Programming
Fakultas Ilmu Komputer dan Teknologi Informasi,Sistem Informasi,2KA##,Universitas Gunadarma,UI/UX
Fakultas Ilmu Komputer dan Teknologi Informasi,Teknik  Informatika,1IA##,Universitas Gunadarma,minat saya sangat ingin bisa belajar coding
Fakultas Teknologi Industri,Teknik  Informatika,2IA##,Universitas Gunadarma,Frontend Programming
Fakultas Ilmu Komputer dan Teknologi Informasi,Sistem Informasi,1KA##,Universitas Gunadarma,Full stack programming
Fakultas Teknologi Industri,Teknik  Informatika,1|A##,Universitas Gunadarma,"Saya mempunyai ketertarikan dengan dunia Cyber Security dan selalu penasaran bagaimana sebuah sistem dapat berjalan pada sebuah teknologi dan security yang digunakan itu seperti apa, saya merasa tertantang untuk mengetahui semua itu dan berupaya melakukan deep learning tentang Cyber Security."
Fakultas Teknologi Industri,Teknik  Informatika,1IA##,Universitas Gunadarma,saya ingin menjadi programming
Fakultas Ilmu Komputer dan Teknologi Informasi,Sistem Informasi,1KA##,Universitas Gunadarma,Backend programming
Fakultas Teknologi Industri,Teknik  Informatika,1IA##,Universitas Gunadarma,"Minat saya adalah backed progammer, selain bertanggung jawab untuk mengelola server, agar komunikasi berjalan dengan lancar sebagai developer juga mengelola database dan aplikasi"
Fakultas Psikologi,Psikologi,1PA##,Universitas Gunadarma,Graphic & UI designer
Fakultas Ilmu Komputer dan Teknologi Informasi,Sistem Informasi,3KA##,Universitas Gunadarma,UI/UX Design
Fakultas Ilmu Komputer dan Teknologi Informasi,Sistem Komputer,1KB##,Universitas Gunadarma,Android development
Fakultas Teknologi Industri,Teknik  Informatika,1IA##,Universitas Gunadarma,Backend programming
Fakultas Teknologi Industri,other,1IC##,Universitas Gunadarma,"Saya mempunyai minat di bidang AI (kecerdasan buatan), karena menurut saya mempelajari hal itu dapat mengubah cara pandang saya terhadap teknologi. Walaupun saya belum mempunyai kemampuan untuk mempelajarinya, tetapi saya akan berusaha untuk bisa memahami dan mengimplementasikannya."
Fakultas Ilmu Komputer dan Teknologi Informasi,Sistem Informasi,1KA##,Universitas Gunadarma,
Fakultas Teknologi Industri,Teknik  Informatika,4IA##,Universitas Gunadarma,-
Fakultas Ilmu Komputer dan Teknologi Informasi,Sistem Informasi,1KA##,Universitas Gunadarma,backend programming
Fakultas Ilmu Komputer dan Teknologi Informasi,Sistem Informasi,3KA##,Universitas Gunadarma,Backend programming
Fakultas Ilmu Komputer dan Teknologi Informasi,Sistem Informasi,1KA##,Universitas Gunadarma,"Backend programming &, web development"
Fakultas Teknologi Industri,Teknik  Informatika,1IA##,Universitas Gunadarma,Back End dan bahasa persandian
Fakultas Ilmu Komputer dan Teknologi Informasi,Sistem Informasi,3KA##,Universitas Gunadarma,"1.	Web Programming : Karena saya memiliki bisnis dan saya tertarik juga bisnis ssaya dikembangkan dengan Website
2.	UI/IX : Karena saya tertarik di bidang Web Programming dan Design saya ingin mengembangkan kedua ketertarikan saya dan membangun bisnis di bidang IT dan Design. "
Fakultas Teknologi Industri,Teknik  Informatika,1IA##,Universitas Gunadarma,Software Developer
Fakultas Teknologi Industri,Teknik  Informatika,2IA##,Universitas Gunadarma,"Programming (Backend, Frontend)"
Fakultas Ilmu Komputer dan Teknologi Informasi,Sistem Informasi,1KA##,Universitas Gunadarma,UI/UX
Fakultas Teknologi Industri,Teknik  Informatika,4IA##,Universitas Gunadarma,"Database, networking, mobile application, softwere engineer, business analyst"
Fakultas Teknologi Industri,Teknik  Informatika,1IA##,Universitas Gunadarma,Saya belum tau minat saya di apa dalam bidang IT. Saya ingin bergabung dengan gdsc bertujuan untuk membantu diri saya sendiri untuk menemukan minat saya. 
Fakultas Teknologi Industri,Teknik  Informatika,1IA##,Universitas Gunadarma,application programing dan backend programing
Fakultas Teknologi Industri,Teknik  Informatika,4ia##,Universitas Gunadarma,"backend and frontend website, android dan data analys ."
Fakultas Ilmu Komputer dan Teknologi Informasi,Sistem Informasi,3ka##,Universitas Gunadarma,"Saya berminat tentang dunia web programming. Termasuk frontend, backend, dan juga UI/UX."
Fakultas Ilmu Komputer dan Teknologi Informasi,Sistem Informasi,1KA##,Universitas Gunadarma,"Backend programing,per codingan"
Fakultas Ilmu Komputer dan Teknologi Informasi,Sistem Informasi,1KA##,Universitas Gunadarma,UI/UX
Fakultas Teknologi Industri,Teknik  Informatika,1IA##,Universitas Gunadarma,"Untuk saat ini saya belum tahu pasti keahlian saya akan menuju ke bidang yang mana, namun saya mempunyai minat untuk menjadi seorang Web Developer."
Fakultas Teknologi Industri,Teknik  Informatika,2IA##,Universitas Gunadarma,
Fakultas Psikologi,Psikologi,1PA##,Universitas Gunadarma,"UI/UX, Multimedia & Game"
Fakultas Teknologi Industri,Teknik  Informatika,1IA##,Universitas Gunadarma,Backend programming
Fakultas Teknologi Industri,Teknik  Informatika,1IA##,Universitas Gunadarma,Software Development
Fakultas Ilmu Komputer dan Teknologi Informasi,Sistem Informasi,3KA##,Universitas Gunadarma,Saya ingin mendalami UI/UX desaign
Fakultas Teknologi Industri,Teknik  Informatika,2IA##,Universitas Gunadarma,
Fakultas Psikologi,Psikologi,4PA##,Universitas Gunadarma,"Yang menjadi minat saya dalam bidang IT yaitu Artificial Intellegence dengan kecerdesan buatan manusia, mempelajari penerapan ilmu matematika seperti matriks, aljabar, vektor dll. Untuk membuat sistem cerdas yang dapat memudahkan pekerjaan manusia dalam lingkungan sehari-hari, penerapannya seperti kamera cctv, virtual reality, dll. Selain itu saya juga berminat dalam menentukan tampilan aplikasi/situs atau user interface. "
Fakultas Teknologi Industri,Teknik  Informatika,2IA##,Universitas Gunadarma,"Sejak kecil saya sangat suka menonton film dan bermain game bertemakan science fiction. Seperti halnya dalam film yang menceritakan robot-robot dengan kecerdasan buatan dan mampu membantu manusia dalam kehidupan sehari-hari.

Ketika saya besar hal-hal yang saya tonton tersebut membuat saya semakin tertarik dengan AI dan juga ML. Meskipun saya belum tahu kapan pemerintah bisa mendukung penuh para mahasiswa untuk menciptakan sesuatu di bidang kecerdasan buatan, namun saya tetap percaya suatu hari bisa mengimplementasikan ilmu yang saya pelajari dan membuat sesuatu yang berguna untuk orang banyak.

Di samping AI dan ML saya juga menyukai bidang mobile application, hal ini dikarenakan saya terinspirasi oleh kakak kedua saya yang juga bekerja di bidang TI dan menjadi mobile lead engineer dalam waktu yang singkat dan bekerja di perusahaan yang cukup besar."
Fakultas Ilmu Komputer dan Teknologi Informasi,Sistem Informasi,3KA##,Universitas Gunadarma,Back end programming
Fakultas Ilmu Komputer dan Teknologi Informasi,Sistem Informasi,2KA##,Universitas Gunadarma,"Sebenarnya saya masih belum begitu paham dengan dunia IT, tetapi saya ingin mempelajarinya karena saya tau ini sangat  penting buat kedepannya karena perkembangan teknologi di dunia semakin pesat "
Fakultas Ilmu Komputer dan Teknologi Informasi,Sistem Informasi,2KA##,Universitas Gunadarma,software engineer 
Fakultas Ilmu Komputer dan Teknologi Informasi,Sistem Informasi,2ka##,Universitas Gunadarma,Tertarik untuk mempelajari frontend
Fakultas Ilmu Komputer dan Teknologi Informasi,Teknik  Informatika,4IA##,Universitas Gunadarma,security sistem
Fakultas Teknologi Industri,Teknik  Informatika,1IA##,Universitas Gunadarma,"Karena saya masih awam, baru terjun di dunia IT tahun ini, namun saya mempunyai minat terhadap pembuatan aplikasi dan tertarik dengan UI/UX design dan ingin belajar lebih dalam lagi."
Fakultas Teknologi Industri,Teknik  Informatika,1IA##,Universitas Gunadarma,"APP/Game Developer, UI/UX"
Fakultas Ilmu Komputer dan Teknologi Informasi,Sistem Informasi,3KA##,Universitas Gunadarma,saya sedang mendalami data science menggunakan pyhton
Fakultas Teknologi Industri,Teknik  Informatika,2IA##,Universitas Gunadarma,backend programming
Fakultas Ekonomi,other,1EB##,Universitas Gunadarma,UI/UX and problem solving
teknik informatika,Teknik  Informatika,1|A##,Universitas Gunadarma,menjadi programer 
Fakultas Ilmu Komputer dan Teknologi Informasi,Sistem Informasi,2KA##,Universitas Gunadarma,Software engineer
Fakultas Ilmu Komputer dan Teknologi Informasi,Sistem Informasi,3KA##,Universitas Gunadarma,UI/UX / Game Dev
Fakultas Teknologi Industri,Teknik  Informatika,-,Universitas Gunadarma,"artificial intellegent, frontend progamming"
Fakultas Ilmu Komputer dan Teknologi Informasi,Sistem Informasi,3KA##,Universitas Gunadarma,"UI/UX, Machine Learning, Backend Programming"
Fakultas Teknologi Industri,Teknik  Informatika,2IA##,Universitas Gunadarma,full stack programming
Fakultas Teknologi Industri,Teknik  Informatika,-,Universitas Gunadarma,Cyber security/database administrator/system analyst
Fakultas Ilmu Komputer dan Teknologi Informasi,Sistem Informasi,1KA##,Universitas Gunadarma,"Design, Coding, Web Design, Editing."
Fakultas Teknologi Industri,Teknik  Informatika,2IA##,Universitas Gunadarma,Saya ingin sekali belajar coding atau code maka dari itu saya sangat minat di bidang UI/UX
Fakultas Teknologi Industri,Teknik  Informatika,31A##,Universitas Gunadarma,Game developer
Fakultas Ilmu Komputer dan Teknologi Informasi,Sistem Informasi,1KA##,Universitas Gunadarma,Saya  ingin membuat programmer
Fakultas Ilmu Komputer dan Teknologi Informasi,Sistem Informasi,1KA##,Universitas Gunadarma,UI/UX
Fakultas Teknologi Industri,Teknik  Informatika,2IA##,Universitas Gunadarma,Back End Developer
Fakultas Teknologi Industri,Teknik  Informatika,2IA##,Universitas Gunadarma,"backend programming, hardware engineer"
Fakultas Psikologi,Psikologi,1PA##,Universitas Gunadarma,Backend programming
Fakultas Teknologi Industri,Teknik  Informatika,2IA##,Universitas Gunadarma,Frontend Programming
Fakultas Ilmu Komputer dan Teknologi Informasi,Sistem Komputer,1KB##,Universitas Gunadarma,Saya tertarik untuk mengembangkan skill di bidang Android development. 
Fakultas Teknologi Industri,Teknik  Informatika,1IA##,Universitas Gunadarma,"Computer Science, Data Analyst, Machine Learning, Developer, IoT, Robotic"
Fakultas Ilmu Komputer dan Teknologi Informasi,Sistem Komputer,2KB##,Universitas Gunadarma,ingin sekali fullstack. ingin memperdalam frontend lalu mencoba terjun ke backend walaupun saya masih sangat dasar dalam hal programing
Fakultas Teknologi Industri,Teknik  Informatika,1IA##,Universitas Gunadarma,Backend Programming
Fakultas Ilmu Komputer dan Teknologi Informasi,Sistem Informasi,1KA##,Universitas Gunadarma,web developer
Fakultas Ilmu Komputer dan Teknologi Informasi,Sistem Informasi,1KA##,Universitas Gunadarma,System Analyst
Fakultas Teknologi Industri,Teknik  Informatika,2IA##,Universitas Gunadarma,"minat saya ialah Mobile apps developer karena dengan perkembangan yang sangat pesat terhadap smartphone saat ini,saya ingin membuat apps yang dapat menunjang kinerja terhadap orang lain dimasa yang akan datang"
Fakultas Teknologi Industri,Teknik  Informatika,3IA##,Universitas Gunadarma,tertarik pada web dan database
Fakultas Teknologi Industri,Teknik  Informatika,3IA##,Universitas Gunadarma,Mobile Programming
Fakultas Ilmu Komputer dan Teknologi Informasi,Sistem Informasi,1KA##,Universitas Gunadarma,Frontend programming
Fakultas Teknologi Industri,Teknik  Informatika,1IA##,Universitas Gunadarma,Saya berminat untuk menjadi backend programer
Fakultas Teknologi Industri,Teknik  Informatika,2IA##,Universitas Gunadarma,Web developer
Fakultas Ilmu Komunikasi,other,2MA##,Universitas Gunadarma,Minat ku saat ini ingin sekali mempelajari tentang UI/UX 
Fakultas Ilmu Komputer dan Teknologi Informasi,Sistem Komputer,2KB##,Universitas Gunadarma,"Artificial Intelligence, backend programming"
Fakultas Ilmu Komputer dan Teknologi Informasi,Sistem Informasi,1KA##,Universitas Gunadarma,Saya sangat berminat dalam disain terutama disain grafis dalam peprograman di jurusan sistem informasi ini 
Fakultas Teknologi Industri,Teknik  Informatika,1IA##,Universitas Gunadarma,App & web ui/ux designer
Fakultas Psikologi,Psikologi,1PA##,Universitas Gunadarma,"minat saya adalah dibidang psikologi, karena saya ingin mendalami sisi manusia."
Fakultas Ilmu Komunikasi,other,2MA##,Universitas Gunadarma,UI/UX DESIGN
Fakultas Ilmu Komputer dan Teknologi Informasi,Teknik  Informatika,3IA##,Universitas Gunadarma,test
Fakultas Ilmu Komunikasi,other,1MA##,Universitas Gunadarma,"sebelumnya saya tidak mengetahui lebih banyak tentang hal ini, tetapi saya telah melakukan riset tentang UX atau user experience yang akan menjadi minat saya, karena di profesi ini saya ingin mencoba untuk memikirkan aplikasi apa yang ingin saya buat dan membuatnya berguna untuk memecahkan suatu masalah dsb. serta kemampuan memahami akan hal apa yang diinginkan dan dibutuhkan publik di masa kini. "
Fakultas Ilmu Komputer dan Teknologi Informasi,Sistem Informasi,1KA##,Universitas Gunadarma,ui/ux / data saince
Fakultas Teknologi Industri,other,1IC##,Universitas Gunadarma,Backend programming
Fakultas Ekonomi,Manajemen,1EA##,Universitas Gunadarma,Backend programing
Fakultas Ilmu Komputer dan Teknologi Informasi,Sistem Informasi,2ka##,Universitas Gunadarma,"Erp,web development,"
Fakultas Ilmu Komputer dan Teknologi Informasi,other,-,Universitas Gunadarma,test
Fakultas Ilmu Komputer dan Teknologi Informasi,Sistem Informasi,1KA##,Universitas Gunadarma,Masih ragu dan blm terlalu mengerti dalam hal IT
Fakultas Teknologi Industri,Teknik  Informatika,4ia##,Universitas Gunadarma,UI/UX
Fakultas Teknologi Industri,Teknik  Informatika,2IA##,Universitas Gunadarma,Programming
Fakultas Ilmu Komputer dan Teknologi Informasi,Sistem Informasi,2KA##,Universitas Gunadarma,UI/UX
Fakultas Teknologi Industri,Teknik  Informatika,3IA##,Universitas Gunadarma,Frontend Developer
Fakultas Teknologi Industri,Teknik  Informatika,1IA##,Universitas Gunadarma,"UI/UX DESIGN, Full stack dev, cyber security, android/ios dev"
Fakultas Ilmu Komputer dan Teknologi Informasi,Sistem Informasi,3KA##,Universitas Gunadarma,Minat saya dalam bidang khususnya IT adalah Network architecture dan Web Program
Fakultas Teknologi Industri,Teknik  Informatika,2IA##,Universitas Gunadarma,Progamming. saya ingin menambah skill progamming lebih dalam setelah kegagalan saya saat SMA
Fakultas Ilmu Komputer dan Teknologi Informasi,Sistem Informasi,3KA##,Universitas Gunadarma,"Saya mempunyai minat yang tinggi mengenai Design, terutama UI/UX Design & Graphic Design. Serta tertarik dengan Front-End Development."
Fakultas Teknologi Industri,Teknik  Informatika,1IA##,Universitas Gunadarma,minat saya untuk masuk jurusan Teknik Informatika tentu saja ingin menjadi seorang Backend Developer
Fakultas Ilmu Komputer dan Teknologi Informasi,Sistem Informasi,1KA##,Universitas Gunadarma,Backend programming
Fakultas Teknologi Industri,Teknik  Informatika,2IA##,Universitas Gunadarma,Web developer
Fakultas Teknologi Industri,Teknik  Informatika,1IA##,Universitas Gunadarma,"Saya adalah orang yang sangat tertarik dengan segala hal tentang teknologi pemrograman dan pengembangan Web dan juga Front End, saya juga ingin mencari pengalaman dibidang ini dan selalu merasa tertantang untuk mengerjakan projek-projek baru pembuatan aplikasi berbasis web."
Fakultas Ilmu Komputer dan Teknologi Informasi,Sistem Informasi,1KA##,Universitas Gunadarma,"Web development, programmer"
Fakultas Bisnis dan Kewirausahaan,Manajemen,1DF##,Universitas Gunadarma,Multimedia dan Game
Fakultas Teknologi Industri,Teknik  Informatika,2IA##,Universitas Gunadarma,Artificial Intelligence
Fakultas Ilmu Komputer dan Teknologi Informasi,Sistem Informasi,1KA##,Universitas Gunadarma,backend programming
Fakultas Ilmu Komputer dan Teknologi Informasi,Sistem Informasi,3KA##,Universitas Gunadarma,berminat di bidang game
Fakultas Ilmu Komputer dan Teknologi Informasi,Sistem Informasi,2KA##,Universitas Gunadarma,"UI/UX, backend programming"
Fakultas Teknologi Industri,Teknik  Informatika,1IA##,Universitas Gunadarma,Software Development
Fakultas Teknologi Industri,Teknik  Informatika,3IA##,Universitas Gunadarma,Saya memiliki ketertarikan dalam dunia AI sejak saya mengikuti program studi Independent di mitra Orbit Future Leader proram AI for Gen Startup karena bidang ini merupakan ilmu untuk sekarang dan masa depan nanti yang pasti akan kita rasakan sekaran dan nanti.
Fakultas Teknologi Industri,Teknik  Informatika,1IA##,Universitas Gunadarma,minat saya sebagai ui ux 
Fakultas Teknologi Industri,Teknik  Informatika,2IA##,Universitas Gunadarma,UI/UX
Fakultas Ilmu Komputer dan Teknologi Informasi,Sistem Informasi,1KA##,Universitas Gunadarma,saya tertarik dalam bidang web development dan data scientist
Fakultas Teknologi Industri,Teknik  Informatika,1IA##,Universitas Gunadarma,Aku bakat di IT
Fakultas Teknologi Industri,Teknik  Informatika,4IA##,Universitas Gunadarma,"UI, front end"
Fakultas Ilmu Komputer dan Teknologi Informasi,Sistem Informasi,2KA##,Universitas Gunadarma,frontend & backend  programming 
Fakultas Teknologi Industri,Teknik  Informatika,3IA##,Universitas Gunadarma,Java dan Web
Fakultas Teknologi Industri,Teknik  Informatika,1IA##,Universitas Gunadarma,"web development, data analyst, UI/UX"
Fakultas Teknologi Industri,Teknik  Informatika,2IA##,Universitas Gunadarma,"UI/UX,Beckend developer,mobile engineer"
Fakultas Ilmu Komputer dan Teknologi Informasi,Sistem Informasi,3KA##,Universitas Gunadarma,IT support dan information security analyst
Fakultas Teknologi Industri,Teknik  Informatika,2IA##,Universitas Gunadarma,"backend,data analyst."
Fakultas Teknologi Industri,Teknik  Informatika,1IA##,Universitas Gunadarma,"Coding, programming"
Fakultas Ilmu Komputer dan Teknologi Informasi,Sistem Informasi,1KA##,Universitas Gunadarma,frontend programming & machine learning/artificial intelligence
Fakultas Ilmu Komputer dan Teknologi Informasi,Sistem Informasi,1KA##,Universitas Gunadarma,Saya memiliki minat di bidang UI (User Interface) karena saya ingin membuat tampilan yang simple dan elegant saat dilihat oleh user.
Fakultas Teknologi Industri,Teknik  Informatika,2IA##,Universitas Gunadarma,Ui/UX atau front end
Fakultas Ilmu Komputer dan Teknologi Informasi,Sistem Informasi,1KA##,Universitas Gunadarma,Networking
Fakultas Ilmu Komputer dan Teknologi Informasi,Sistem Informasi,3KA##,Universitas Gunadarma,Web Programming
Fakultas Teknologi Industri,Teknik  Informatika,2IA##,Universitas Gunadarma,"UI/UX Designer, web programming, dan memiliki minat sedikit di bidang pembuatan aplikasi dekstop."
Fakultas Teknologi Industri,Teknik  Informatika,2IA##,Universitas Gunadarma,"Minat saya lebih kepada frontend, khususnya UI/UX"
Fakultas Teknologi Industri,Teknik  Informatika,3IA##,Universitas Gunadarma,UI/UX
Fakultas Teknologi Industri,Teknik  Informatika,2IA##,Universitas Gunadarma,Sekarang saya sedang tertarik dengan Machine Learning & Deep Learning
Fakultas Sains dan Teknologi,Teknik  Informatika,-,Universitas Teknologi Yogyakarta,Data Scientist or Research Engineer
Fakultas Teknologi Industri,Teknik  Informatika,4IA##,Universitas Gunadarma,"technical writer, UI/UX"
Fakultas Teknologi Industri,Teknik  Informatika,1IA##,Universitas Gunadarma,
Fakultas Teknologi Industri,Teknik  Informatika,1IA##,Universitas Gunadarma,Programing dan AI
Fakultas Teknologi Industri,Teknik  Informatika,2IA##,Universitas Gunadarma,UI/ux
Fakultas Ilmu Komputer dan Teknologi Informasi,Teknik  Informatika,2IA##,Universitas Gunadarma,UI/UX
Fakultas Teknologi Industri,Teknik  Informatika,1IA##,Universitas Gunadarma,programming
Fakultas Ilmu Komputer dan Teknologi Informasi,Sistem Informasi,2KA##,Universitas Gunadarma,UI/UX dan frontend programming
Fakultas Ilmu Komputer dan Teknologi Informasi,Sistem Informasi,3KA##,Universitas Gunadarma,"Programming, karna ingin lebih belajar tentang pemrograman"
Fakultas Teknologi Industri,Teknik  Informatika,2IA##,Universitas Gunadarma,Web programming
Fakultas Ilmu Komputer dan Teknologi Informasi,Sistem Informasi,2KA##,Universitas Gunadarma,Minat saya adalah dalam bidang Database dan UI. Minat saya diluar bidang IT adalah fotografi dan editing.
Fakultas Ilmu Komputer dan Teknologi Informasi,Sistem Informasi,1KA##,Universitas Gunadarma,programming
Fakultas Teknologi Industri,Teknik  Informatika,1IA##,Universitas Gunadarma,Minat saya sendiri dalam hal seperti mengelola sebuah jaringan komputer dan coding atau seperti melakukan desain app seperti menggunakan flutter dll.
Fakultas Teknologi Industri,Teknik  Informatika,1IA##,Universitas Gunadarma,backend / frontend programming
fakultas sains dan teknologi,Psikologi,-,other,pentest
Fakultas Ilmu Komputer dan Teknologi Informasi,Sistem Informasi,2KA##,Universitas Gunadarma,"saya tertarik sebagai backend dev prog, sebagai orang yang merancang database dan mengelolanya, tertarik karena juga ingin belajar python dan PHP"
Fakultas Teknologi Industri,Teknik  Informatika,1IA##,Universitas Gunadarma,Front End Programming dan Back End Programming
Fakultas Ilmu Komputer dan Teknologi Informasi,Teknik  Informatika,2IA##,Universitas Gunadarma,"saya berminat untuk membuat video game, karena itu keinginan saya sejak awal"
Fakultas Ilmu Komputer dan Teknologi Informasi,Sistem Informasi,3KA##,Universitas Gunadarma,pada bidang IT ini saya berminat pada UI/UX dan developer web/aplikasi. karena menurut saya kedua bidang tersebut paling di butuhkan di perusahaan saat ini hingga kedepannya. maka dari itu saya berminat untuk mempelajari kedua bidang tersebut.
Direktorat Teknologi Informasi,Manajemen,1DB##,Universitas Gunadarma,Video Editor dan Graphic desainer
Fakultas Ilmu Komputer dan Teknologi Informasi,Sistem Informasi,1KA##,Universitas Gunadarma,UI/UX
Fakultas Teknologi Industri,Teknik  Informatika,2IA##,Universitas Gunadarma,frontend programming
Fakultas Teknologi Industri,Teknik  Informatika,3IA##,Universitas Gunadarma,UI/UX designer
Fakultas Ilmu Komputer dan Teknologi Informasi,Sistem Informasi,1KA##,Universitas Gunadarma,Pembuatan aplikasi
Fakultas Ilmu Komputer dan Teknologi Informasi,Teknik  Informatika,1IA##,Universitas Gunadarma,Memperluar pengetahuan teknologi
Fakultas Teknologi Industri,Teknik  Informatika,1IA##,Universitas Gunadarma,Berminat di backend programming
Fakultas Ilmu Komputer dan Teknologi Informasi,Sistem Informasi,2ka##,Universitas Gunadarma,ui
Fakultas Ilmu Komputer dan Teknologi Informasi,Sistem Informasi,1KA##,Universitas Gunadarma,Programming maybe
Fakultas Ilmu komunikasi,Sistem Informasi,2MA##,Universitas Gunadarma,Programming
Fakultas Psikologi,Psikologi,1PA##,Universitas Gunadarma,UI/UX
Fakultas Ilmu Komputer dan Teknologi Informasi,Sistem Informasi,3KA##,Universitas Gunadarma,"Data Science, Machine Learning"
Fakultas Teknologi Industri,Teknik  Informatika,2IA##,Universitas Gunadarma,"UI UX designer, front end developer dan android developer"
Fakultas Ilmu Komputer dan Teknologi Informasi,Sistem Informasi,3ka##,Universitas Gunadarma,UI/UX
Fakultas Ilmu Komputer dan Teknologi Informasi,Sistem Informasi,3KA##,Universitas Gunadarma,"Desain grafis, web programming"
Fakultas Teknologi Industri,Teknik  Informatika,4IA##,Universitas Gunadarma,Web backend dan Machine learning
Fakultas Ilmu Komputer dan Teknologi Informasi,Sistem Informasi,2KA##,Universitas Gunadarma,saya berharap saya bisa menguasai UI/UX dan bisa juga menjadi Data analyst
Fakultas Ilmu Komputer dan Teknologi Informasi,Sistem Informasi,2KA##,Universitas Gunadarma,Menyukai programming dan tertarik untuk bisa membuat aplikasi andorid sendiri
Fakultas Ilmu Komputer dan Teknologi Informasi,Sistem Informasi,3KA##,Universitas Gunadarma,"Saat ini belum ada minat yang khusus, masih mau mempelajari semua yang ada"
Fakultas Teknologi Industri,Teknik  Informatika,2IA##,Universitas Gunadarma,Minat saya adalah di bidang UI / UX dan Mobile Developer
Fakultas Ilmu Komputer dan Teknologi Informasi,Sistem Informasi,2KA##,Universitas Gunadarma,"Saya tertarik dalam bidang programming, khususnya dalam Robotic dan Networking serta Enterprise resource planning."
Fakultas Ilmu Komputer dan Teknologi Informasi,Sistem Informasi,3KA##,Universitas Gunadarma,"Saya awalnya berminat ke dalam bidang Networking dan Manajemen Basis data, saya juga tertarik dan memiliki sedikit pengalaman dalam bidang multimedia sebagai hobi. Tetapi sekarang saya ingin mendalami lagi ke dalam bidang pemrograman aplikasi dan UI/UX"
Fakultas Teknologi Industri,Teknik  Informatika,1IA##,Universitas Gunadarma,"Backend/font end programming, UI/UX, Web Developer"
Fakultas Teknologi Industri,Teknik  Informatika,-,Universitas Gunadarma,Saya belom mengerti banyak tentang bidang IT dan pada dasarnya saya ingin sekali banyak mengerti tentang bidang IT
Fakultas Psikologi,Psikologi,1PA##,Universitas Gunadarma,Saya tertarik dengan bidang kreatif sehingga saya ingin mengetahui lebih dalm tentang UI/UX .
Fakultas Psikologi,Psikologi,1PA##,Universitas Gunadarma,Data Analyst
Fakultas Ilmu Komputer dan Teknologi Informasi,Sistem Informasi,3KA##,Universitas Gunadarma,FrontEnd uiux 
Fakultas Ilmu Komputer dan Teknologi Informasi,Sistem Informasi,3KA##,Universitas Gunadarma,Minat saya ada di product management dan ui/ux design 
Fakultas Ilmu Komputer dan Teknologi Informasi,Sistem Informasi,2KA##,Universitas Gunadarma,"UI/UX, dll"
Fakultas Ilmu Komputer dan Teknologi Informasi,Sistem Komputer,1DC##,Universitas Gunadarma,"Nah itu belum ada, tapi seneng aja ngeliat orang coding mwhehe"
Fakultas Teknologi Industri,Teknik  Informatika,2IA##,Universitas Gunadarma,"Front end programming, UI/UX, artificial intelegence programming"
Fakultas Ilmu Komputer dan Teknologi Informasi,Sistem Informasi,3KA##,Universitas Gunadarma,Front end
Fakultas Teknologi Industri,Teknik  Informatika,2IA##,Universitas Gunadarma,Belakangan ini saya tertarik dengan bidang UI/UX setelah saya menghadiri seminar tentang UI/UX dan manfaatnya bagi lingkungan pekerjaan di era Revolusi Industri 4.0
Fakultas Teknologi Industri,Teknik  Informatika,4IA##,Universitas Gunadarma,-
Fakultas Ilmu Komputer dan Teknologi Informasi,Sistem Informasi,3KA##,Universitas Gunadarma,"Saya suka belajar UI/UX design dan saya suka belajar database, dan saya ingin memperdalam tentang digital marketing karena di industri 5.0 sangat berkaitan dengan tekhnologi dan saya berusaha agar bisa dan mampu bersaing di era di industri 5.0"
Fakultas Ilmu Komputer dan Teknologi Informasi,Sistem Informasi,3ka##,Universitas Gunadarma,web development
Fakultas Teknologi Industri,Teknik  Informatika,3IA##,Universitas Gunadarma,"saya belum memukan minat karna saya baru dalam bidang it jadi saya kemungkinan akan mencari yang cocok dengan saya di waktu yang akan datang
"
Fakultas Teknik,Teknik  Informatika,-,Universitas Muhammadiyah Prof. Dr.Hamka,"UI/UX, Data Scientist, Data Analyst"
Fakultas Teknologi Industri,Teknik  Informatika,1IA##,Universitas Gunadarma,"Ingin belajar dan mendalami di bidang IT, di karenakan saya belum mempunya kemampuan dalam bidang IT."
Fakultas Teknologi Industri,Teknik  Informatika,3IA##,Universitas Gunadarma,saya minat di backend programming karena saya merasa banyak yang belum saya ketahui di backend 
Fakultas Teknologi Industri,Teknik  Informatika,2IA##,Universitas Gunadarma,Ui ux
Fakultas Ilmu Komputer dan Teknologi Informasi,Sistem Informasi,1KA##,Universitas Gunadarma,UI/UX
Ilmu Komunikasi,other,2MA##,Universitas Gunadarma,
Fakultas Ilmu Komputer dan Teknologi Informasi,Sistem Informasi,1KA##,Universitas Gunadarma,Web Development
Fakultas Ilmu Komputer dan Teknologi Informasi,Sistem Informasi,3KA##,Universitas Gunadarma,"saya ingin sekali menguasai bidang website seperti backend, frontend, dsb. dan juga menguasai bahasa program seperti, html, phyton, java, php, c++ dsb.  dan tentunya mendalami salah satu atau beberapa bidang tersebut."
Fakultas Ilmu Komputer dan Teknologi Informasi,Sistem Informasi,4KA##,Universitas Gunadarma,"Minat saya sekarang lebih berfokus kepada pengembangan aplikasi android, saya juga memiliki sedikit pengetahuan pada bidang UI UX sehingga saya harap saya dapat membuat suatu aplikasi yang cantik."
Fakultas teknik informatika ,Teknik  Informatika,Buk##,Universitas Muhammadiyah Prof. Dr.Hamka,Berminat di bidang ui/ux karena saya suka dengan sebuah tantangan di dalam desain gambar 
Fakultas Ilmu Komputer dan Teknologi Informasi,Sistem Informasi,1KA##,Universitas Gunadarma,Saya minat di bidang programming
Fakultas Teknologi Industri,Teknik  Informatika,2IA##,Universitas Gunadarma,Frontend Programming
Fakultas Teknologi Industri,Teknik  Informatika,3ia##,Universitas Gunadarma,"backend programming, networking"
Fakultas Ilmu Komputer dan Teknologi Informasi,Sistem Informasi,1KA##,Universitas Gunadarma,UI/UX Karena saya sangat suka sekali design 
Fakultas Teknologi Industri,Teknik  Informatika,2IA##,Universitas Gunadarma,Game developer
Fakultas Teknologi Industri,Teknik Industri,1ID##,Universitas Gunadarma,"Dalam menjalankan perkuliahan saat ini khususnya untuk jurusan yang saya pilih, teknik industri, saya akan mempelajari beberapa bidang IT diantaranya Dasar komputer, pemrograman (coding)"
Fakultas Teknologi Industri,Teknik  Informatika,4IA##,Universitas Gunadarma,"Frontend programming, backend programming, machine learning, motion graphic."
Fakultas Teknologi Industri,Teknik Industri,21D##,Universitas Gunadarma,
Fakultas Teknologi Industri,Teknik  Informatika,2IA##,Universitas Gunadarma,"Database, web programming"
Fakultas Teknologi Industri,Teknik  Informatika,2IA##,Universitas Gunadarma,Untuk saat ini saya tertarik dalam bidang database. 
Fakultas Teknologi Industri,Teknik  Informatika,2IA##,Universitas Gunadarma,"web, ui/ux dan networking"
Fakultas Teknologi Industri,Teknik  Informatika,2IA##,Universitas Gunadarma,DBMS
